{
 "nmonths": 240000,
 "rows": {
  "theta_0.0": {
   "beta": -0.000980546648029079,
   "recovered_theta": 0.0
  },
  "theta_0.25": {
   "beta": -0.17672180508996307,
   "recovered_theta": 0.2499999999999999
  },
  "theta_0.5": {
   "beta": -0.28159350178539416,
   "recovered_theta": 0.4999999999999998
  },
  "theta_1.0": {
   "beta": -0.38461741261450944,
   "recovered_theta": 1.0
  }
 }
}