{
 "calibration": {
  "CY0": 0.0073,
  "N0": 0.59,
  "W": 12000.0,
  "beta_c": 0.96,
  "gamma": 200.0,
  "half_life": 3.0,
  "kappa": 0.012372881355932204,
  "l0": 0.004866666666666667,
  "l1": 0.004124293785310735,
  "lamD": 0.7506407282909632,
  "lamN": 0.7937005259841001,
  "mu": 0.5,
  "multiplier": 1.5,
  "nu": 0.13331361988176998,
  "omega": 0.05,
  "p_single": 0.02,
  "phi": 0.5,
  "pihat_single": 0.0005
 },
 "laffer": {
  "N_weaponize": [
   0.5899999999999997,
   0.5748458904109586,
   0.5596917808219176,
   0.5445376712328764,
   0.5293835616438354,
   0.5142294520547943,
   0.4990753424657536,
   0.4839212328767125,
   0.4687671232876714,
   0.4536130136986304,
   0.4384589041095892,
   0.42330479452054814,
   0.4081506849315071,
   0.39299657534246596,
   0.37784246575342484,
   0.36268835616438383,
   0.3475342465753427,
   0.33238013698630153,
   0.3172260273972605,
   0.3020719178082194,
   0.2869178082191783,
   0.2717636986301371,
   0.2566095890410961,
   0.24145547945205492,
   0.23600000000000004,
   0.23600000000000007,
   0.23600000000000007,
   0.23600000000000007,
   0.23600000000000007,
   0.23600000000000007,
   0.23600000000000007,
   0.23600000000000007,
   0.23600000000000007,
   0.23600000000000007,
   0.23600000000000007,
   0.23600000000000007,
   0.23600000000000007,
   0.23600000000000007,
   0.23600000000000007,
   0.23600000000000007,
   0.23600000000000007,
   0.23600000000000007,
   0.23600000000000007,
   0.23600000000000007,
   0.23600000000000007,
   0.23600000000000007,
   0.23600000000000007,
   0.23600000000000007,
   0.23600000000000007,
   0.23600000000000007,
   0.23600000000000007
  ],
  "p": [
   0.0,
   0.01,
   0.02,
   0.03,
   0.04,
   0.05,
   0.06,
   0.07,
   0.08,
   0.09,
   0.1,
   0.11,
   0.12,
   0.13,
   0.14,
   0.15,
   0.16,
   0.17,
   0.18,
   0.19,
   0.2,
   0.21,
   0.22,
   0.23,
   0.24,
   0.25,
   0.26,
   0.27,
   0.28,
   0.29,
   0.3,
   0.31,
   0.32,
   0.33,
   0.34,
   0.35,
   0.36,
   0.37,
   0.38,
   0.39,
   0.4,
   0.41,
   0.42,
   0.43,
   0.44,
   0.45,
   0.46,
   0.47,
   0.48,
   0.49,
   0.5
  ],
  "s_R": [
   1.0,
   0.825,
   0.652,
   0.479,
   0.303,
   0.122,
   0.0,
   0.0,
   0.0,
   0.0,
   0.0,
   0.0,
   0.0,
   0.0,
   0.0,
   0.0,
   0.0,
   0.0,
   0.0,
   0.0,
   0.0,
   0.0,
   0.0,
   0.0,
   0.0,
   0.0,
   0.0,
   0.0,
   0.0,
   0.0,
   0.0,
   0.0,
   0.0,
   0.0,
   0.0,
   0.0,
   0.0,
   0.0,
   0.0,
   0.0,
   0.0,
   0.0,
   0.0,
   0.0,
   0.0,
   0.0,
   0.0,
   0.0,
   0.0,
   0.0,
   0.0
  ],
  "v_restraint": [
   51.68399999999997,
   51.68399999999997,
   51.68399999999997,
   51.68399999999997,
   51.68399999999997,
   51.68399999999997,
   51.68399999999997,
   51.68399999999997,
   51.68399999999997,
   51.68399999999997,
   51.68399999999997,
   51.68399999999997,
   51.68399999999997,
   51.68399999999997,
   51.68399999999997,
   51.68399999999997,
   51.68399999999997,
   51.68399999999997,
   51.68399999999997,
   51.68399999999997,
   51.68399999999997,
   51.68399999999997,
   51.68399999999997,
   51.68399999999997,
   51.68399999999997,
   51.68399999999997,
   51.68399999999997,
   51.68399999999997,
   51.68399999999997,
   51.68399999999997,
   51.68399999999997,
   51.68399999999997,
   51.68399999999997,
   51.68399999999997,
   51.68399999999997,
   51.68399999999997,
   51.68399999999997,
   51.68399999999997,
   51.68399999999997,
   51.68399999999997,
   51.68399999999997,
   51.68399999999997,
   51.68399999999997,
   51.68399999999997,
   51.68399999999997,
   51.68399999999997,
   51.68399999999997,
   51.68399999999997,
   51.68399999999997,
   51.68399999999997,
   51.68399999999997
  ],
  "v_weaponize": [
   56.68399999999997,
   54.925365582191745,
   53.18946232876709,
   51.476290239726,
   49.78584931506847,
   48.118139554794496,
   46.473160958904124,
   44.85091352739728,
   43.25139726027399,
   41.67461215753427,
   40.1205582191781,
   38.5892354452055,
   37.08064383561646,
   35.59478339041098,
   34.131654109589064,
   32.69125599315072,
   31.273589041095917,
   29.878653253424673,
   28.50644863013701,
   27.1569751712329,
   25.830232876712348,
   24.526221746575352,
   23.24494178082194,
   21.986392979452063,
   21.538880000000006,
   21.538880000000006,
   21.538880000000006,
   21.538880000000006,
   21.538880000000006,
   21.538880000000006,
   21.538880000000006,
   21.538880000000006,
   21.538880000000006,
   21.538880000000006,
   21.538880000000006,
   21.538880000000006,
   21.538880000000006,
   21.538880000000006,
   21.538880000000006,
   21.538880000000006,
   21.538880000000006,
   21.538880000000006,
   21.538880000000006,
   21.538880000000006,
   21.538880000000006,
   21.538880000000006,
   21.538880000000006,
   21.538880000000006,
   21.538880000000006,
   21.538880000000006,
   21.538880000000006
  ]
 },
 "multiplier": {
  "m_1.0": {
   "dN_pp": -2.0205479452054753,
   "daA_pp": 0.0,
   "daE_pp": -4.041095890410951,
   "dcy_bp": 0.0,
   "dpriv_bn": -1.769999999999996,
   "lamN": 0.7937005259840996
  },
  "m_1.5": {
   "dN_pp": -3.030821917808213,
   "daA_pp": -1.0102739726027377,
   "daE_pp": -5.051369863013688,
   "dcy_bp": -1.250000000000001,
   "dpriv_bn": -3.4945376712328766,
   "lamN": 0.7937005259841001
  },
  "m_2.5": {
   "dN_pp": -5.051369863013678,
   "daA_pp": -3.030821917808202,
   "daE_pp": -7.071917808219164,
   "dcy_bp": -3.749999999999986,
   "dpriv_bn": -6.852688356164357,
   "lamN": 0.7937005259840999
  }
 },
 "outside": {
  "N_post": 0.534894146948941,
  "N_pre": 0.5899999999999995,
  "dN_pp": -5.510585305105852,
  "dpriv_bn": -6.286074946224382,
  "rbar_bp": -21.90000000000001
 },
 "p5": {
  "m_1.0": {
   "bias": 0.17700000000000005,
   "s_R": 0.823
  },
  "m_1.25": {
   "bias": 0.26249999999999996,
   "s_R": 0.7375
  },
  "m_1.5": {
   "bias": 0.348,
   "s_R": 0.652
  },
  "m_2.0": {
   "bias": 0.5195000000000001,
   "s_R": 0.4805
  },
  "m_2.5": {
   "bias": 0.694,
   "s_R": 0.306
  },
  "m_3.0": {
   "bias": 0.876,
   "s_R": 0.124
  }
 },
 "paths": {
  "m_1.0": {
   "N": [
    0.59,
    0.585831620216802,
    0.5825231749903763,
    0.5798972602739726,
    0.5778130703823736,
    0.5761588477691607,
    0.5748458904109589,
    0.5738037954651594,
    0.572976684158553,
    0.5723202054794521,
    0.5717991580065523,
    0.5713856023532491,
    0.5710573630136986,
    0.5707968392772487,
    0.5705900614505971,
    0.5704259417808218,
    0.5702956799125969,
    0.5701922909992712,
    0.5701102311643835,
    0.5700451002302711,
    0.5699934057736082,
    0.5699523758561644,
    0.5699198103891082,
    0.5698939631607768,
    0.5698734482020549,
    0.5698571654685267,
    0.569844241854361,
    0.569833984375,
    0.5698258430082359,
    0.569819381201153,
    0.5698142524614725
   ],
   "aA": [
    0.59,
    0.59,
    0.59,
    0.59,
    0.59,
    0.59,
    0.59,
    0.59,
    0.59,
    0.59,
    0.59,
    0.59,
    0.59,
    0.5899999999999999,
    0.5899999999999999,
    0.5899999999999999,
    0.5899999999999999,
    0.59,
    0.59,
    0.59,
    0.59,
    0.59,
    0.5900000000000001,
    0.5900000000000001,
    0.5900000000000001,
    0.59,
    0.59,
    0.59,
    0.59,
    0.59,
    0.5899999999999999
   ],